0,1,2,3,4,5,6,7,8,9,10,11,12,13,14,15,16,17,18,19,20,21,22,23,24,25,26,27,28,29
0.8326261169723478,-0.08935344228174787,0.3124089115269376,0.40247128681867367,-0.04867298444636638,0.3893871539888911,-0.2973364935810844,-0.21128420951060925,-0.6562443451681562,0.12070455818502347,0.16262583792717203,0.5896315792896146,0.3955700021779418,-0.14239777832371658,-0.5890898436671385,0.216425201259987,0.555376586207321,0.37759248690197167,0.5422387624286438,-0.10594476559912128,-0.23330948408782276,-0.3684506761158995,-0.027948233306797753,-0.0392953979844097,0.1033388142695581,-0.064648728517754,-0.06681386486338563,-0.38834702648607194,0.4708095067757454,0.03825903112185565
-0.061658803525789986,-0.2810462031912837,-0.5984006004003546,0.65533777243184,0.2979534634633233,-0.7431026900852663,0.4586519583877934,0.5459306976636518,0.091650708439573,0.8929389007396296,0.16411811229646245,-0.6381738693088752,0.24275870475350428,0.13482556407214674,-0.20452946360928367,0.29916999780353737,-0.8081307392586321,0.5773283638410304,-0.3766825114284917,-0.4079554247813155,-0.004906363648163499,0.254501866324181,0.17491947569315675,-0.367673956457302,-0.1667138266403201,-0.5432458728629206,-0.026754720308560048,0.5515469738576917,0.056376894880410575,0.5192625269515561
0.7785663957923239,-0.10961710868883984,0.04113659277957689,1.0882939625835608,0.7632295730743541,-0.6991917462864009,0.34694998395148635,0.16879685906652542,0.471851496930442,-0.18567956050951379,-0.308856024106161,-0.19827559928124489,-0.1662293026397802,0.4322897350245016,-0.39735273146862826,-0.28665210537933583,-0.8433644221485517,0.6668124155079039,0.759635822689174,0.004636956196315933,-0.04549280594199111,0.30225421273455155,0.9222082490639746,0.21157935983759954,-0.17698942148920394,-0.763097961330193,-0.38726515767864705,0.06453936647016091,-0.2112434900031127,0.27568169141377286
-0.2008122618299809,-0.2548370989159047,-0.388595691711059,0.7851891429988674,0.505556940345055,1.069027042288289,0.4980827245309922,0.03562998597601144,0.7488600527135554,0.2612977847838504,0.27542787131526,0.18644467007925228,-1.295376995338096,0.8389948328209915,0.5329086826052127,0.2015792997041792,0.045172263162438775,0.3245117013350747,-0.11404159522182919,0.5584049572882093,-0.4996463741355422,0.20553420185205595,0.555878157918543,-0.08851637492181771,0.44091497239366206,-0.4267879827050608,-0.22963874891000052,0.159896751489157,0.5124201756780877,-0.6724091648785646
0.360672881827998,0.08968366847341536,0.1669759256979232,-0.6644736158773051,-0.34536285505224995,0.7515109921803849,0.3169449998144419,0.13879034622663752,0.056621222314428406,0.6106273404859267,0.43763091652082453,0.2363214912922854,0.7810794502988743,0.5334849277230141,0.5853216488661621,0.07561278065038382,0.4288639764010005,0.47700061928088117,0.7735931496327676,0.779287811720165,-0.30637217284919943,-0.3947717420159764,0.011786444414362718,0.5023214583237525,-0.45157836399822326,0.28812161664630204,0.51494087004689,0.6360473143643315,0.31827466302145757,-0.32245695678967695
-0.35701809495152415,-0.14634810677699778,0.055180849308765156,-0.08494586097646775,-0.4837123925374591,1.065722926646382,-0.29278487786686985,1.0794191439070782,0.7339517413339846,0.899630988448044,-0.07933904221565191,0.5082469881998679,-0.34995248910618293,0.5148414943186316,0.4290122171050624,-0.14520655639179436,-0.4885473706005533,-0.84507787476258,-0.21996127392564813,0.9619389464054894,0.048123086540587307,0.09774436680862703,0.7738136363307495,0.920375182357343,1.076742339019131,-0.3744859379027351,-0.5606228212356773,1.247157639295217,1.4152357032245932,0.5239392717142625
-0.4908383512667146,1.0050952342961927,0.32763031923742236,-0.04883237556556707,0.5637910698645469,0.556154769635181,-0.1574795984338151,0.3160416900681364,0.49701033678472084,0.7854717541497866,0.44598569707056746,0.8634838611831035,0.15906431524887238,0.15925180903607106,-1.1391665912391615,-0.15483097570748006,0.5271409098953167,0.2682729573484809,0.11926023184272372,-0.04328812461175324,0.7954638694296559,0.4889798417090799,0.9378219367544942,-0.8424564244680244,0.4074559518357663,-0.008573820950855626,0.34318330676205033,-0.22872263329049775,0.157460375303499,0.9307189526382057
-0.7917456446156501,1.485625096575343,0.6771216576572086,-0.012432568958490027,0.5863437268664033,-0.2823397883956177,0.16421054152531683,0.485043052222618,0.8725810163187514,0.5815567429244893,0.5842268981241995,0.15768887750307564,0.63106827682415,0.9183529036920725,1.123411791170283,0.03909315178783237,0.5033191673383866,0.8172988887499353,0.6551403070654767,1.1004463519955536,0.887265986345684,0.18131909378401984,0.9197791372275461,-0.1679976102356566,0.09461413778328664,0.015194551292306263,0.5132081170970835,-0.740367050265611,0.8070820384381574,-0.8067393580915913
1.5406839534392853,1.4153272140085944,0.3538390657155555,0.014432720756779763,0.29942249257885567,0.19908558492741363,0.6489415792709637,0.5351870390926398,0.16409653156248086,0.7638293505157725,-0.25700399663381346,0.5233564978627744,0.5131437300784412,0.15316127500164978,0.5883804634292336,0.6577633319682366,0.007443834641149921,0.7018854497887046,1.0958712107730204,0.5662623974922067,0.4800895895283287,0.2243596769436429,1.285144680423179,-0.10265321246308483,1.260627385710516,0.11507866989084212,0.18387472780967107,0.44032052547219835,0.26714267133084324,0.9523192255483084
-1.1646996349065375,0.7276272002486885,0.2987455358006278,-0.5210227257626442,-0.11518216276209889,0.25186979074815125,0.5790763852382208,-0.02105983135497569,0.3886484535064598,1.417638179414335,0.5767091913560178,0.9540256060214072,1.018075645599948,0.7150799653368863,1.694914287131146,-0.15265886788611632,-0.15815402950908714,1.0336408487078783,0.8421723759342377,1.0490916310182226,1.35152895296742,0.3031120569647309,0.9403641041347153,-0.46159302432085064,1.7431006149393689,0.013830183763105242,0.5154987108521745,-0.06355640890558338,0.13531318953767996,0.3359501887963314
-0.047161409760157175,0.09537235999042226,0.17470576756860967,0.9858671224898083,0.5411219304763567,1.0412371112538634,1.2359630431883342,1.6283322297326122,-0.6382709589180009,0.17353311984574782,0.06642091116288962,0.35502394430164286,0.35508483283654124,-0.11954199602324345,0.9253023576934863,0.12170925010431083,-0.14556154828160855,-0.3987246825880457,0.02744648369460423,0.43519710164683856,0.3132298141577477,-0.2455636010472837,0.5352944121911895,-0.5347921298923618,0.6621346484070691,-0.3410694140829609,0.2943302150950132,-0.5364584630893837,0.41462871629331044,0.318901890556104
0.6805824027651395,1.0265072377676763,0.5654714111424132,-0.38669430130365295,0.3736439052976144,0.9573038770620353,0.756392809910912,1.5545265267242934,0.49166523155025954,1.2911841757038365,0.5623294013762375,0.9620650662055481,0.13640209854025115,-0.11920050185301162,1.037817623179542,0.2811698771768637,0.4822291329905838,1.279363406935735,-0.1581038134295908,0.26391647150491016,0.576985070346862,-0.024323418525101503,2.51503486789397,0.2903488538110888,0.728091802081379,-0.05087753759763192,0.5205497360673885,0.13981725001158335,0.5759786764597746,0.5675658183442689
0.10079762263267747,1.532640273157349,1.3195617724382995,0.138605491628172,-0.479026198507253,0.9086349415411011,1.4928961411845472,1.4713037491551753,0.6407963942319039,1.5829919512033863,0.544450996348055,0.9662646620614543,0.2183762445656363,0.26106194015243256,1.5665917890347734,-0.17965559290498748,-0.1920597514470558,0.8105952886582607,0.46590003475040187,1.1093854970708976,0.25628637980729624,1.21222222101514,0.2183437151011567,0.6608127119293664,0.4192238120198583,-0.6818621969510451,0.9136626389251424,0.0030345272573808757,-0.011509273953056898,-0.00909729462535469
0.24095695333496608,1.3765600790965349,0.940302961591506,0.041353548550755695,0.43729408586448115,0.6466881183856742,0.024302446171682424,0.10168681897799836,0.18094708802086662,0.8199664858057794,0.9601841413587608,1.0521967252705018,0.8796056021772688,-0.021453242857569665,0.24099386981999205,0.32485473342388527,0.5090523537326299,-0.4074976415720166,0.18100651192581485,0.464952680206119,0.5578856113026913,-0.03713242393817723,0.8723459037006591,-0.0702119278451618,0.7482925907399167,-0.13499920547261432,0.5012249968484914,-0.4055321275931667,0.7510982766368852,1.1443406796098907
-0.1349070474096643,1.6680461889534457,0.5044382362410131,0.7783722294271951,-0.11894381621923023,-0.33881317466134186,0.9561378116236645,0.9538477863918133,0.305795906193176,0.59851162547259,0.5288897760145856,0.43237995884078306,0.43825682865859894,0.5420531928279271,1.0434296388532458,0.4263466242829043,0.13582659513016998,0.6326560836228494,0.03428078595808126,0.642867464714086,-1.1511364377082023,0.07726585406858572,0.8696201292139306,0.31764522386924426,0.7113077036625153,0.40182812152189284,-0.251551040379675,0.1090736819596865,-0.26663739247506524,0.2730810064960645
0.15953104493328127,1.555688947958068,0.8545090759435485,0.022538734222347322,0.1945435640235468,0.3249659422748942,0.4912243793531423,1.0522476833554053,-0.40095567923680725,1.2261146004027867,0.35783752369107297,1.1082394754609945,1.0763619750366467,-0.7139919253331196,0.6708335948096343,-0.3050784475933184,-0.6518765255610972,0.2961019307721726,1.8382674363972593,1.1416068487509465,1.473581930078061,0.790958955387367,0.5494971113773501,-0.1546893911840746,1.1490232151483735,0.4492136333654745,0.5587516686430412,-0.6160154166465214,2.223201510081026,0.8161584932934721
0.09037592799823457,0.9747010855373242,0.547889062803895,0.07479466622355553,0.8478885911449393,0.6198605038980509,0.18225754738445366,0.7581736041579599,0.059675312919990814,1.6420201963547745,1.137937538547083,0.7495849035612743,-0.04324300644552015,-0.49033235548427845,0.9696854105819319,0.29091064668368904,0.0673083169841942,0.5727060047495244,0.3215609148659401,0.8255898736929999,-0.676175591636375,-0.17405794031886845,0.6073716561074787,0.639966617581402,0.4483425884093932,0.3208143842392315,0.9611344992860582,0.7880116568353704,1.210910721496126,0.8584427240742241
0.013052883103778112,0.5772354265324409,0.5422467942745988,-0.20371640060503318,0.4792509608314483,0.8856900745493935,1.0521254938542508,1.4605201687607825,1.2204868944507696,0.983404093374363,1.0967656959756666,0.5132603069068364,1.1828609703101458,0.6521820801476352,1.4570233239793418,0.1685964981003632,-0.08202277294288424,0.1076629171737985,0.5919632281413112,1.5956924675607105,0.3552985768725405,0.7655250516019576,1.3339632020647665,-0.10597846665810179,1.5051473850234243,-1.2259808978555522,0.22828500283419184,-0.3201080704242293,0.16415672788924424,1.0467421785687696
0.390807335153737,1.0879971583019743,0.9475875934638364,-0.4620175317476346,-0.4106921891298174,0.8602087746056436,0.4260117575715484,0.029053322479856147,0.7689539002028765,1.6002352676309275,1.3146933950996604,0.7688374137311814,0.8915377625030054,0.8039374618936974,0.6130856527396005,0.6744735915226496,0.3848204342492971,1.2457135778620891,0.6928108746074694,1.460760864466847,0.6117969709174392,-0.376473495582496,1.619744104470867,-0.4386167203679401,1.4565952535400264,0.17866931608574027,1.4109028484598714,0.702343212077756,0.7776262352322518,1.1153379752070713
0.44959026433844157,-0.14314381288605627,0.6888586769653902,-0.5453957400131556,0.2779254839651764,0.07034225755231083,0.12599939021145268,1.5918694473941406,0.8093469976065233,0.8730226432698063,0.6121110824894056,0.530734095336853,0.845825965366391,-0.2226611483880086,1.4021224525995832,-0.01105000253250843,0.02964557147412794,0.7756029700712018,0.28585926266097134,0.952135722413573,0.21607031522211362,0.5886059057732136,1.4744658137541267,-0.3255865052574114,0.7394076019058913,0.44761599035085586,0.579816973320551,0.36299419116961323,0.8230597968689621,1.376382750032592
-0.07466061803153992,0.35634206331089024,0.4496322657183132,-0.47176704613869486,0.4665563795895111,0.03415959429436011,1.8550067339476508,1.4044300219400716,0.269453122860535,1.2722797737368814,-0.3203586536487821,1.8890631566574365,0.24237863756657646,0.050303928762999404,-0.06048402456835267,0.35381835638645703,-0.32359851226013703,0.7836669436824187,0.28503643576637294,0.2160535505197746,0.062345642791147016,0.45245387731916126,0.18956577556596177,-0.341753175688734,1.1027578427631637,1.5091387736362953,1.0032558425747977,-0.33325567329104744,0.3390492955501492,0.8157181425458953
0.04135265394469634,1.2347817037318578,0.679733599488158,0.4653846468358948,0.017181851625007627,1.2447371720915266,0.5682600891507207,0.23022335729086396,1.3376845597404885,-0.11896657386780762,0.10191121058660596,0.2801512407887466,1.7627579168268244,1.0080416643287398,1.5678335514068777,-0.06060159982341436,1.4303267076045294,0.877636835588701,1.0158662785748052,0.8042081900985705,0.4148323386686499,0.19542468095490054,0.6808754841956516,0.3351439325987082,0.9132857800778575,0.18099195616077524,1.478146009748115,-1.3647382699620565,0.7494683766776271,1.1158100542015599
0.7750746401402308,0.6983550711007496,0.6367118368932836,0.5036651650804733,0.9083054820968421,0.39273789703957995,0.7413534690139636,1.5071601594475839,-0.8296686836931436,0.39536631351464013,1.172632449543211,1.1001707179062308,0.7357613179510549,-0.12669308327719625,0.32497884486306894,-0.1978946839710186,0.976691354320794,0.33279186472878775,0.5426321931190197,0.2896592046535346,0.8315107761771714,0.030429441952338543,0.6842730856396236,-0.8128624965200799,-0.12587219545416517,0.18738752895971475,0.012353573355162628,1.1632352585260421,-0.5693597986642787,0.3061535806668722
0.19341660101040042,0.48831254352346126,-0.06299704799744121,-0.4691494150027831,-0.3459450764602092,0.35512826759646954,1.5339960128024699,0.6520881658279649,0.8047469749533256,0.9331634690548429,0.9605969350869663,-0.8914903947514798,0.28340601170153346,0.7431711709565729,0.41723105245112635,0.970938978781104,0.9280155906117581,0.3594043359391787,0.2000102481563557,0.10506795418037262,0.06170382932922752,-0.34107958174313,0.8873769848721262,-0.701558103989982,0.9268640252283493,0.4825423859822738,-0.21100242099767863,0.8765264820823876,0.6803797098314568,1.0231910866506064
-0.2126801046983605,0.9153176047236369,1.0036104647235424,-0.04046621611166655,1.1354800195073342,0.47092287621539874,1.0729014805629649,0.6986198952884063,0.4848349472787411,-0.22361701524176103,0.5490287638793266,0.0904104091231232,-0.03090884468076127,0.9527397070533953,0.5262570594856489,-0.4208737077098422,-0.012008901854300952,-0.11535408157318827,1.1236018432165593,0.20315071450046812,0.6036899070702824,0.9258850331005724,0.35593589974376,0.2898431360902663,0.04776862929825276,1.3746221453002097,1.026141051179125,-0.004796723348869644,-0.004986577773933132,0.5268352075400649
-0.023451953327139535,1.5076906517647537,-0.22550530157947257,0.07517207602400194,0.1091152500745406,0.3360106966626752,0.3875546076255279,0.42744759205049004,0.6054265896692159,0.8426757101326068,0.5290881869457431,-1.1143584985537078,0.49484387934506435,-0.7568694741842548,0.8798910001793792,0.8082772303895416,-0.31578438249376983,0.3394293383063216,0.05790372020828455,1.1022101796291204,0.3456365795586638,1.0820866045545408,0.7397522755561512,0.14218083617344116,0.5289916783643565,0.5424208670450392,-0.3782288707906308,0.12313493998396599,0.3003738500251914,0.8760824920170835
0.031082634897940817,-0.06647394879123747,0.3338378245951423,-0.5347947432176091,-0.8617871629414828,0.7000784969429447,0.6662435627075673,0.647446782089869,0.7954553800127472,0.12631546937424404,-0.4430526538493705,0.308254895352071,0.12033591539443034,-0.3606588539328117,0.4347195569414938,-0.2452467788345576,-0.7923911953007952,0.18038540844190493,-0.2633293652456542,0.528882419480439,-0.07385121732880484,0.7416063133661176,1.2562388156724789,0.3575566276721765,-0.35359324707516676,0.8663500918016137,1.206136195850015,0.0779944149995407,0.9474077750025667,0.16184158966329282
-0.8310696170800642,-0.010191018266954954,1.1343475497767943,-0.7401278267548825,0.0821362039808918,0.2919600313909794,0.05123514686147379,0.11633936076758716,0.15374544968744602,0.09372067477763851,-0.4884308051628202,0.3879199378678063,0.7769109577967628,0.48419741514170933,-0.0171490820393278,-0.5761482438262896,-0.039486751468007106,1.1114358889779388,0.5718260660070463,0.6893939447094097,0.6525470990939374,0.3621485020202143,0.4314093033447096,0.34574745281686875,0.07156714238483897,-0.6143117690982243,0.7031721210161198,0.6749050842475401,-0.3255386774262591,0.7684841176081069
0.9185157501103275,0.28211461412761085,-0.2025187377312923,0.06565291235059992,-0.2121995682494925,-0.09790845210982363,0.45218676082778053,-0.5430124437914454,-0.6319129357423422,0.2965968491008444,0.1592689493376167,0.386456896253639,1.1215329928372355,0.09008660969585365,0.5959266980667011,-0.44989510605461575,0.46252574911970806,-0.012427982989280273,0.22636757801714794,0.20390081823619405,0.6754416613598571,-0.5387955625147439,-0.8574982216142479,-0.09554305738098903,0.4981326825111373,0.1472748106957118,0.8776903083921419,0.26158798854899856,-0.10309544920175792,-0.8889872079261576
-0.06524019610063675,0.707616300518046,-0.05486125597663791,0.016992906826913658,0.2537964633758748,-0.3637665382269587,0.4726833944427328,0.9955264861477319,-0.024842525924237024,-0.3683565271761587,0.08321012359860494,-0.9654253282179741,0.29418961134589766,0.25199956753569397,1.0407546384336293,-0.07110646124967251,0.25794847603971,-0.2592057018760422,-0.047869892659679086,-0.5859875246225358,0.011275212801542853,-0.07321887950025535,0.3438406098056563,-0.30415976697834385,0.22206663118314346,-0.11805474741652196,0.013086305171649937,0.06951107929184934,0.14251856656459225,0.5677189496765838
-0.03216711005820247,-0.07288079563614032,-0.015999870362454108,-0.35583896238315554,-0.15722983399976298,1.0914152893343616,-0.3714451757692797,-0.04605333077956031,-0.16129516471224895,-0.02018573472495866,-0.1042093513578177,0.2169777009918433,-0.7888137098454108,0.5322172514175234,0.4232549506102916,-0.6077892264439982,-1.1062314366800219,-0.3981745296742816,-0.05263182858577814,1.3832308276057932,0.3289061632299514,-0.8619259414983713,-0.24244755612613758,-0.022580034371210443,0.2219236320606773,-0.6317397981325292,0.02676557492915882,-0.34336038761244125,-0.48744014107334377,0.22843112269323254
0.3895444633439588,0.42996714056062474,0.29407974430127976,-0.24854657065437313,0.35937829579069275,0.16154633632140877,0.0748284617231399,-0.29721335770925306,-0.24543467860623147,0.04651382870811009,1.2256211632997316,0.15778120234416868,-0.2994601687231397,-0.4149330355788391,-0.23598312209052288,1.0899098037903934,-0.1970083043669754,0.4617988259287674,-0.18160535347805046,0.13920789192118724,0.40117406527475064,-0.28207618279325514,-0.31107986261548193,0.8298074971701597,0.5010969021292416,0.39770881412369374,0.40236259689767834,0.23121859364437167,1.014852175309537,0.03108331529651847
0.26566196457284097,-0.8087216401839572,-0.47318126222600326,-0.6016276129434053,0.6184914661046116,-1.3381393297360795,-0.27041427791596556,-1.5729497412594307,-0.44211696214792967,-0.32983138875256524,0.6423351593558374,0.1352032525337451,-0.470638970806068,0.5218608564251758,-0.07834798117337806,0.007650146494921326,-0.6244296259047504,-0.5687265442975329,-0.46859733722095026,-0.05271082993692339,-0.007786005423930584,0.7378884272477931,0.10900271509480537,-1.3570675296471013,0.0537503333107934,-0.745921688266416,-0.5598861908108388,-0.4186968046849677,-0.3842405664918675,-0.7680427327116387
0.05343084372637585,-0.8805291605307781,0.05066420455271159,1.1159235344560867,-0.7036745889250379,-0.27238205893220424,-1.4073986801122302,-0.31051797435103445,0.2656790380957544,0.18289539270719568,-0.06669209794541842,0.3118936898197451,1.159307958522795,0.8327620215362316,-0.44479926335931197,-0.7489681421809419,-0.2516480434938993,-0.6285427904814669,0.10778901113808637,-0.7503211487463097,-0.13469401109478035,0.3471641943864972,-0.22602215534334408,-0.48006544167220794,0.42425603674402557,-0.9834769474955806,-0.3256394809372255,-0.047356426748689714,-0.10261681673241599,-0.07899688890056218
0.23206130447545031,-0.2829092600937223,-0.3773659093739695,-0.20767444944033003,-0.36481016428426344,0.19671366397545118,-0.5438599572940346,0.18101295068792117,-0.07481890318442692,-0.5293102076124195,0.14963029022582347,-0.5647391101164866,0.14688090713027707,0.07094186923015865,-0.576104771308374,0.22885710547705856,0.1997392287227064,0.3439573260584887,0.3045544285516485,0.0037580079581932546,-0.712630265282934,1.1154981251350715,-0.967840786845068,0.46416963745776063,-0.03142619373021199,-0.6536822119682638,-0.3070847898949481,-0.07954678437214434,0.4853476737599913,-0.6129519023139505
-0.22823375030394033,-1.5206142627152681,0.6103484052491044,-0.5403921197795388,0.08494796556728729,-0.31268412266700485,-0.34227308566007675,0.08270694825482439,0.7235334530177516,-0.23145549896821443,0.11539308577900045,-0.10279131272235009,0.2798183784575612,-0.2785491536221399,0.1681826697986879,0.5081069727708944,0.4434794245289974,-0.642233816764908,-0.3215023204066323,-0.2018343277568701,-0.8832905303121957,0.652821299079696,-0.3598173753051907,0.12805522770194847,-0.6169687289361416,-0.7519952986920585,-0.6276446799815992,0.05619733762805695,0.11410516660193548,-0.2598394366827846
0.05298963633958691,-0.6048722423113895,-0.06998464222534378,0.7350327962984089,0.2552323854072409,0.08053924942441298,-0.21595155841190306,-1.1503681487677349,-0.6610676092452057,-0.21464251121722747,-0.2680253607364466,-0.11081625795604355,0.554862128576316,0.30473732585118907,0.17212726242116488,-0.011004330483122424,-0.5246334663515314,-0.41526809614151194,-0.6961043706434376,0.3811690173050009,0.15030846678704768,0.08124850858576596,0.18025160040279425,-1.0272418992047256,-0.11244743173717531,-0.7649221266726445,-0.40663341379910767,-0.22194853960842745,0.05536287121812966,-0.307606737125848
0.5303022106243205,-0.8166388252916224,-0.021384745026620133,0.07356741007533923,-0.9324718314731502,-0.8424860735536612,-0.5038857851762774,0.08485445957853321,0.06790492704943654,-1.106202170571937,-0.38044726962489095,0.6180365650296034,-0.27925158978743697,-0.23253903653185626,-0.29458720701213625,0.31274424008156054,-0.37111256932626047,-0.20528432134583458,-0.5115737964791117,-0.11066816009834718,-0.20456158708280248,0.029432109857905953,-0.8968903870586173,-0.4309863771070077,-0.007673475443211009,-0.16922284576451388,-0.33375563369202726,-0.231308649948409,0.12377036098859306,-0.8022715772467512
-0.2304907866423253,-0.19676789205094203,0.15654138583271004,-0.2705074970303,0.8485215195480326,-0.2815968909715446,-1.0120250683370768,-0.3544623706452693,-0.37900703278938275,-0.38046279648308556,-0.3762873983489302,-0.4098741337698556,-0.8387599029935436,0.4162609409787844,-1.1961522799256064,-0.633239096765431,0.020107095150603355,0.27926818320611424,-0.5732874196760855,-0.18740456236552305,0.2056911612055471,0.16540298803656472,-0.7472078392404404,-0.5687886508743537,-1.653204030869565,-0.27954990331830964,0.044358541779127125,-0.6514138301635403,-0.02225647822803717,-1.0450285253516065
-0.1284291455329521,-0.3039302704421419,-0.8093077142574001,0.07561879118450086,-0.354021185535816,-0.1362159488665456,-0.42951556334482327,-0.5729365410984586,0.5700282504572578,-0.3352981454570986,-0.7409877603650885,-0.5415302542152393,-0.46510849668212884,-0.04770030638010831,0.5728354957785925,0.09746884166143004,-1.2004015240990669,-0.8538126285222445,-1.4089916667452058,-0.7648651588094836,-1.3628306821680596,-0.7056554754668569,-1.4202385142065368,0.16612986445744818,-0.6125675926843153,-0.013743410110298643,-0.6598202536037134,-0.7967889428025234,-0.15857310406176578,0.3253846499626992
0.00621551400506179,-0.932144034992983,-1.2383223047667022,-0.46455462618653764,0.06638249073663016,0.002179102658908305,-0.4677761756033206,-0.2573199607062121,0.1251852071213791,-0.4753441483675464,-0.7619661261761497,-0.45814097804416426,-0.8911892783007059,-0.08734035638440056,-0.5882897305242097,0.7432310104868756,-0.8543334209232615,-0.3959811953778817,0.25651204456117277,-0.27650117926418893,0.012864025724479755,-0.0011827436491965715,-0.07225752243640815,-0.5721096946855144,-1.3629601440780053,-0.1838021843109081,-1.7447914949347312,0.5063893720171627,0.15628548796053138,-0.9116974359688714
-0.39867894657230424,-0.8093795272492791,-0.5376623201034081,0.05227548353216338,0.10694939450887714,-0.6608350540352504,-0.17154936106362006,-0.4836625569863854,-0.5493118408885465,-0.11578740519875397,-1.1443639207068492,-0.6321330916332505,-0.018622174212771625,-0.4648069071483681,-0.6555623116904576,0.16828541634057975,-0.6447131179421604,-0.7208046276786729,-0.5987236371935843,-0.9810662783446169,0.7169101376415639,-0.6987456794971295,-0.27315216845582535,-0.2269022847196776,-1.2636442483866959,-0.14279708184100254,-0.3895584289074587,0.3431383036137515,0.2929511027580156,0.7253917701365283
-0.10076502530477235,-1.150893586345315,-0.370873123995651,-0.14509297317378095,0.2805422149427291,-1.2573891048959944,0.5026409758758925,-0.3207815259806374,-1.102502247152018,-1.184604890727395,-0.08495822339944864,-0.032851198894926825,-1.1681617894106222,0.24707982472412843,-1.8323678046472163,-0.15422186538007576,0.32877468123661047,-1.0011756743872604,-1.3049924620787405,-0.6741732029593672,-0.7621816998100679,-0.021342050741815,-1.2645661512010833,-0.4186404404146562,-1.773813387133762,-0.12082114806064878,-0.837172417592175,-0.718297844566896,-0.4204147369502492,-0.27828788908323066
-0.3442304250272064,-0.7230530041166041,-0.4882031036194886,-0.614704238690796,0.837437738532504,-0.8723105486243784,-0.3849007468646392,-0.39873346278344496,-0.342312286746079,-0.5649773798572526,-0.39282664158314967,-1.3584852068622872,-0.7227175854244088,-0.4207556961402922,-1.129174239915229,-0.7666082389118849,0.32548722004085096,0.042121652826659695,-0.08796690161011173,-0.14648118413291045,-0.6533470655740301,-0.6697518386221339,-1.2491032968842435,0.2882197489082804,-0.6849852869187497,-0.2538957247869605,-0.14404622186471194,0.07264131970015472,-0.9605018634661081,-1.1687969828661198
0.09653629239930048,-0.365321067356399,-0.3701970132986935,0.935480052202089,0.6201797371174066,-0.43795374628313566,-1.1564135649385499,-1.4648847176119517,-0.4754419651781975,-0.5212000885325481,0.3801073854262118,-0.4629609846920826,0.008915897400339712,-0.24101407874941178,-0.6173633889960946,0.29318738979410525,-1.2355841712898632,-0.9913146928977526,-0.12167344631670962,-0.6710074188937079,-1.0955907583441626,-1.5786022176940837,-1.0718417670286926,-0.07075157675479314,-1.2675425007206216,-0.1510390726341704,-0.5652575949959774,0.2011139084266956,-1.7374745407196266,-1.5135602168868196
-0.40229346640219077,-0.6201178211397123,-0.4160125832422429,0.22267781864208896,-0.39348989870454276,-0.8371617098628147,-1.1179377510796686,-0.44408743130542466,-0.7483595816195009,-0.49306796021053007,-0.44133363504690315,-0.7093785155893881,-0.9167986611666115,-0.7988047480776561,-1.2735525635027019,-0.2861708930609294,-1.4358509406475444,-0.9009950332468657,-0.1478190216270462,-0.542888912101285,-0.7566697611870226,-0.34828441817879535,-1.1871130020850496,0.03863200079405279,-0.0741750492227723,0.2566402662080559,-0.5765406998177434,-0.38370406609553775,-0.19718401255921986,-1.7192006062394287
-0.37913225819447105,-0.6251273884609233,-0.29827674224247797,0.32152740457284346,-0.05676563599666587,-0.7792164814249583,-0.493750772868851,-1.3144657315090607,-0.7138807621424001,-0.8981388572285974,-0.4651469488049629,-1.6078335742674474,-0.36786942300675857,0.26389075293467307,-0.9996651792463686,1.0646244747883065,-0.595795849370359,-0.992404081518268,-0.8147866846229412,-0.8744223249481307,-0.6789783013518873,-1.0795795946615194,-1.193117194572141,-0.08498391731942267,-0.2399844744047347,0.8708052389744494,-0.17915573508765115,-0.5265837623043056,-0.9268634045938162,-0.9658430401876351
0.6389292739559528,-1.0011257727611371,-1.333284047550982,-0.2640243384254061,0.17402846354007684,-0.33744688058353295,-0.8640370921381249,-0.49763535071340137,-1.4285830866659965,-0.87854098429903,-0.12226387593719745,-1.1125419803261904,-1.0145408726375902,-1.0558885916240595,-0.16757412039406283,-0.4828769455646726,-0.134203452320327,-0.5111686183960996,0.13781772386055136,-0.9145822198457004,-0.785133679352128,-0.2902273934644885,-0.27923801848143437,-0.12131627200234069,-1.333037862318204,-1.0010546342966546,-1.458862671744615,0.293084802782549,-0.7401741104996225,-1.191321794713736
-0.6091456903914393,-0.8679588168945988,-0.7834753637006417,-0.14988580203530685,0.4719286133659515,0.0924849051675547,-1.5623418253443222,-0.6682972297246904,-0.6779061647924891,-1.0465451580235652,-0.39319473545886463,-0.7964582537762684,-0.475991023212897,0.21487999580038442,-0.8069205719017178,-0.4451575313501467,-0.5671249283831737,-1.5259571092397701,-1.0398370944810336,0.15063517723013686,-0.906969088214594,-0.970196676752606,-0.7533574873047697,-0.09109948079018443,-0.9460104106745579,0.4758395139878626,-0.5663249313997902,-0.4029059620099247,-0.7870917787256861,-1.1311890578524817
0.19095626239287702,-1.0473417757989039,-1.5477755928866135,-0.03722774353475925,-0.9674134258338467,0.4283825754021401,-1.2258466647955657,-0.8972942172186336,-0.15490086228348507,-1.0493091955821923,-0.6824916493339972,-0.46613748861608273,0.18306478097495438,0.2644485289682772,-0.19691152957312474,-0.6427472994583401,-0.08906950779219583,-0.7132410309425886,-0.4257441015939224,-0.12658329599906326,-0.6117014059166788,-0.5691973359152553,-0.6290635460911934,-0.9243394076126417,-0.950603283751065,-0.29145876943390997,-1.285169542365733,0.3932273594767182,-1.0951056546338442,-0.9311968043798209
-0.09257437487044548,-0.1902220918383627,-0.6372895231221383,0.45539393793242666,0.15725786282572818,-0.5824471012555974,-1.2658765858053276,-1.5095982110393316,-0.22238141975368966,-1.1496633657568462,-0.062009190476672416,-0.2841736004477479,-0.6552577565514691,-0.6946471292113089,-0.6532165445946615,-0.6248932422604029,-0.6196828222597933,-1.2572691626590833,-0.6528232909817574,-0.20559804736293108,-0.48905628952621394,-0.5772576990196527,-1.6324592324787925,0.24186253544623035,-1.197859507634621,-0.15899036308311953,-0.9777912529236947,0.287773133463076,-0.625985892154892,-0.8672875435344262
0.013419160692800941,0.221680292949187,-0.162157348513358,-0.056471573533162706,-0.18361233186793408,-0.8804817972120733,-1.1668735455727655,-1.0365520428562691,-0.6505305774121996,-0.5160116846149252,-1.0360826653834212,0.036151431749821494,-0.16409918577402166,-0.10084404515117025,-0.8715784210330266,-0.3898582317054841,-0.09565744686525798,-0.19238749601818594,-0.9114848878778552,-1.5253245639154862,-0.11519582469546558,-0.17904245556256573,-1.3944834404340911,-0.39950851054739084,-1.2044557321821845,-0.5711847397901127,-0.9300525861118728,-0.25926378028461716,-0.8505666559707568,-1.182929271948787
-0.3318088677062149,-0.7043063848191178,-0.7327169205494282,0.5678033804626514,0.07854915115210176,-1.3810505327972518,-0.39371438761921385,-0.41752400604039264,-0.46794959187760166,-1.546084865753222,-0.4701952260527336,-0.6012330854008499,-1.0726094076637471,-0.8308762181337068,-0.8697810919237986,-0.2219214376901834,-0.42722928972360147,-0.7395040524288703,-1.0819208257333934,-0.9362393924272308,-0.1756527529262143,-0.4983089949073768,-1.6265965296740248,-0.26743752610027227,-1.269329564761911,-0.06439009644892216,-0.5684903435398001,-0.9487677027281141,-0.11811170079738748,-1.3177687927077673
0.5764285926510953,-0.760867925260003,-1.1600958758629427,-0.5817672349995573,0.010058618618528858,-0.7428829831575672,-0.6609245953202074,0.13331773367725064,-0.583775625896283,-0.7161547777520507,0.2667847296778687,-0.42295703356364717,-1.2815342309718525,0.15432932228422747,-1.3533517472894139,0.6049299694341367,-0.6156989097661199,0.8327047281693137,0.23793781837540717,-1.0700079289086584,-0.403309557099091,0.07469575750806406,-0.3469465382229012,0.1921151376534998,-0.06003233406773667,-0.24646429815218843,-0.8635451427707306,-0.28498563852454517,-0.03580702469940733,-0.5291485997768497
-0.04119546270541241,-0.27968236289651216,-1.519282457317538,0.1451259799983968,-0.04152713951617648,0.331144263731448,-1.327665955869254,0.15960609593133956,-0.1776334673150708,-0.4416851884862899,0.43043047856497124,-0.23297751216407375,-0.239620010522231,0.030684606649202945,-0.9515668591878194,-0.1048054323230219,-0.5456076368017018,-0.62193757796105,-1.6238792014111736,-0.4032068444729495,-0.4409727776502502,-0.445950692598517,-0.569532852395518,-0.7435003820097523,0.3336561031280638,-0.2214993832741092,-0.6984517184895118,-0.5852877850694915,-0.415655587633876,0.038933078061125115
0.3493507544054822,-0.18399566605425333,-0.1723803712634766,-0.18821291780211694,-0.8611782953206125,-0.5546754860531354,-0.6263387999398105,-0.0341946543193512,-0.03963201334115746,0.18692723407896084,0.23097845339759732,-0.6915169637841033,-1.2944565199915905,0.611153020658067,0.039123592560175946,-0.7648305297926153,0.585097634563906,-0.350086550469053,-0.3310870271928523,0.24993734745361307,0.32932566639832683,0.07492670401848528,-0.37651230541964964,0.2840856739645962,-0.7694422235172269,-0.18106798347861042,-1.0156543947039978,-0.2590997663329515,-0.5692214511044873,-0.9083346072100517
-0.080285308321448,-0.7008890749349616,-0.1417436755653484,-0.8190440282351512,-0.17667181670246657,-0.33464676868787446,-0.6035659424172004,-0.5786983866706271,-0.9639583993323768,-0.3677259099076362,-0.0004505865419616173,-0.1616887883724917,0.16942990403078595,0.02878880965757817,-0.3254394596012248,0.005989902653227658,0.19431003636397715,-1.2657343285380231,-0.8095419169536211,0.3019507916629209,-1.5326507599104886,-0.2911615612205507,0.04555807714826221,-0.06788905362665336,-0.7045488427014477,-0.07064301481433581,-0.6742675445525165,-0.06620153716852291,-0.6819367102252561,0.03354186131195913
0.584438171657951,-0.5277841872977487,-1.02938196464748,-0.26866700475108485,-0.1946631902406484,-0.08983758364166428,-0.8875365498434962,-0.8059726115535616,0.1087411716721643,0.0023197842071798758,-0.5882328012243296,-1.0160902733656734,1.3426511232010485,0.33006847817248386,-0.6167353858519765,0.3728639989198366,-0.19011288181880112,0.025348491377830074,-0.23067846908140266,-0.3748973227593452,-0.31555659977999545,-0.912843391903406,0.5065203482293495,-0.48895621131513023,-1.1095668811645252,-0.22224054218098566,-0.906581185360561,-0.09569695551430517,0.05276264710944012,0.05205185491813763
0.3029320081314708,-0.5313949189457428,-0.2511908520664769,0.19840117313983055,-0.9631903685282452,0.003993556810719834,-1.04354835237003,0.6741882514110563,-0.3226214801076036,-0.47598024750411083,-0.612643246568153,-0.6019283276017662,0.8912167305660587,0.41962136311194004,-1.1713619222662008,0.7014871387384951,0.4916210294535509,-0.4757849805285557,-0.10148615420971466,-0.3527524754933485,0.7738294222522941,-0.5534496559891222,-0.30675432377603606,-0.22900701907775392,-1.0692080385338758,1.0007323950599214,-0.9404251686074274,0.05272173721489242,-1.1093748884411265,-0.5653965052653862
0.130376626291459,-0.7045763739691239,0.08037815860885936,-0.1387953709643472,0.5149761544363064,0.46375755576184585,-0.5364296658549385,-0.22868511515410234,-0.001176830769963652,0.013633936834736515,-0.16863044507479577,-0.12637419148973994,-0.3114492858594047,0.01859207420765384,0.34272692704567337,0.2839706681481644,0.2695825802211968,0.10282455208420926,-0.27360069339861925,-0.10709416200828725,-0.7065763325567778,0.5145306622405947,-1.6846009625173048,-0.05510140584863042,0.29822283882705775,-0.7553274817770939,-0.06998414261528182,-0.3846438019152874,-0.3688948212733695,0.1905773285563629
0.043067992212582736,-1.2200389207457216,-0.6360999049487498,0.48470014885329943,0.17930110973766758,0.7233342085100778,0.6725857500878599,-0.35651818493272636,1.1871220493297916,-0.1932809798979678,-0.6033950681045595,-0.47057811826793516,-1.2600902544639405,0.7764151311385497,0.5847773104277486,-0.5348780090394137,-0.17020631005544085,-0.1318013072887033,-0.6167293151944185,-1.0625690699690977,-0.21902548940439817,-0.2437594538712976,-0.3976993036812626,0.10335547814079933,0.5257725294251219,-0.20249845678178116,-0.10213362844965386,0.3327081697889932,0.1489904626611771,-0.5032580103161777
0.017445886170401423,0.16232536030579423,-0.6454195562424746,0.6301391472526869,0.690979537809943,-0.4441977487133877,0.004136378620647321,0.21928942469495594,-0.3082393358933203,0.12790115895563728,0.014571987300618483,-0.818428320715416,0.15721418351852035,-0.5649558848126366,0.3528045876192388,-0.3505066493766666,-0.11155223143091438,0.5874708683418233,0.1731736188986512,-0.6413792424707561,-0.5700015719818036,-0.34536933400782394,0.08552991120062835,0.17475359180207675,-0.5253739961231155,-0.6115959972754667,0.03786551551918671,-0.10781039514318941,1.0082448361029597,-0.08939894848541027
0.9019149359618951,-0.6040838050221458,-0.8003788795620178,-0.5603189434914465,0.5903582828717749,0.8640133020018484,-0.40680393718490193,-0.2475485089128025,-0.5904969078746801,-0.9249596335733622,0.347838589881846,0.09719098346050846,-0.007023525293010307,-0.702551509073967,0.8001790185683539,-0.25420439558976354,0.26157345204742977,-0.7440069361120454,-0.10797946140908408,0.12845689594898083,0.15293531267532987,0.06957419688261725,0.22831031840545535,-0.5660054885244273,0.0810863232804891,0.05213378289632876,0.09838836331723272,0.03331106087641275,-0.6485342941704614,-0.6771572401130433
-1.0867612456072349,0.4826203848279562,0.46766822380985673,0.4228555667905239,0.16983956402763198,-1.011683870185873,-0.4519248393101699,0.15270243517588744,0.09123958557959735,-0.03655264546315881,0.22889579131136847,0.061802724569848484,0.10834173356902849,-0.3096687478805901,0.5684055281644429,-0.2055109944154187,-0.6448411315847371,-0.32011287162302865,-0.12451998409178991,0.5643586648791254,0.020312778375904096,-0.06277731214215121,-0.5502482444059549,0.3956546870232893,-0.25717377142645637,-0.031464419812606365,0.8082996390256066,0.2655681038783752,-0.7674981331851802,-0.8133829472332479
0.013594259189926391,-0.4405249276621655,0.44517586210743965,0.023557737858688442,0.11962051582735495,-0.23014204411991268,1.0086406068281828,1.5728637446988196,-0.08656411046527487,0.3445394989170662,0.14849730117410068,-0.004141171081219974,-0.30834360188056653,-0.5203334725954221,-0.3939882846727123,0.2247949917400156,-0.21383947431439881,-1.1423134974439269,0.33406540630842685,0.13212756750341287,0.7664098285234301,0.25459601125255915,-0.5729741687419703,-1.108295975832158,-0.20523299760123992,-0.2708987327198785,0.6247484419522579,0.02068491967344707,0.6715545855235329,-0.5021424161027728
0.5532919262629319,0.6166415174806097,-0.8223840725683468,0.6650561765721769,0.10376446674636144,0.3863493592807668,-0.21938720508667567,0.8717174128670326,-0.5114877771909693,0.6755514410110386,0.5644265253396201,-0.2929375186740907,1.1580157147317824,0.14997555329269002,0.595395079511557,-0.729311309564081,1.1299082029989527,-0.38549611858698835,0.6848646352966551,-0.26376869407574977,-0.16574334715288927,0.49945627807913134,0.7707221857752549,-0.625537522669511,0.7838651056118785,0.5868260469795428,-0.23240858168252695,0.8381220436137736,-0.5667044875812746,-0.0648441321566374
0.33435096458970875,-0.08294589684581943,0.38256939604182266,0.1255681450018964,-0.016976262597185612,0.67168467265988,0.17182050595762677,0.43000502702991455,0.6825542492737088,0.7436886000071659,0.5998944060798062,-0.31397886874108544,0.4856668675894338,-0.3933260529878643,-0.280356954898979,0.010120876282065289,-0.3567831956841505,0.6997287320324699,0.6387165442209167,-0.6377185765879161,-0.2211879402581856,-0.5888408530295475,0.11359498975589938,0.24115168414363125,0.19917812638510765,-0.2085188619678357,0.9676440048662149,-1.1003480020968701,0.8355255860246862,0.0601425242004448
0.07901813366846396,0.16434067787451917,1.083475457168469,-0.609227571892931,0.10117421899692822,0.5817565232133695,-0.4494760290253607,-0.06877742852917051,0.061994535763953695,-0.009698121444621233,-0.15025622128695326,0.149487573960371,0.6027268079617554,-0.11419167609557959,0.9877918467746281,-0.44164855697582367,-0.5072477162390718,1.3421267282648799,-0.04086232845309429,-0.2650809834205084,-0.6308185053433386,0.7131394956682799,0.25870503406311285,-0.10997004587652026,0.31914899184483503,0.6139767662771408,0.3055411630115293,1.236858882344727,0.3371221472816952,0.9445361131048102
0.5427118778945055,0.48962037039724937,0.07673649953209016,0.17341137786599575,0.36812897669949013,0.09105477882101726,0.5055897869360273,1.0822235619630844,1.1964358756305948,0.941687328242194,1.236947956976238,0.07023252722494366,0.6807094470751662,0.7370880528642004,0.08406732062206052,-0.17489186384490008,1.009804603008469,-0.03792444659588695,-0.3287175280517049,1.227166658698249,0.8833864404818759,0.42439317020869893,0.48657255105614017,-0.19922858878876942,0.6140869539055889,0.9174574193545341,0.5883095858450282,1.1604021140663874,-0.128331856626348,0.4809435747898389
-0.02584622359368116,0.03991779365759285,0.34809653484122716,0.21718606330774515,0.3918155028305748,1.5180376754828253,0.7167427792060342,1.1074074696665608,0.2182413296735395,1.4291537107811139,1.5497061321551093,0.7070389131480352,-0.11809078748732682,-0.19660459324084284,0.7514305870014568,0.30613283747780173,0.5107676979502761,0.7458111351557873,0.39558578010736173,0.21315571762107532,0.5274648768929195,1.1664481825904085,1.0942695721615998,0.2903302506397825,1.0574355650361615,-0.039229788932556575,0.2838329633976116,-0.28566376032072965,0.3051243873068618,0.35191799357251335
0.7837735790571573,0.41353328815353046,0.07336503178548565,0.9808151303705318,-0.08068861470293548,0.5606273570556027,0.7673198834634075,0.026783642849179112,0.8247803537580796,0.9782927123802556,1.1710139334963516,0.1539613175177787,0.4724161108552238,0.10665231458950744,0.814413841778904,-0.6402369031043506,0.23602927626995174,-0.1366897089882636,0.6175090475542228,-0.4704063661876471,-0.5603392482439606,0.6764143274874179,0.37980675981060064,-0.4682403981927864,1.2420825043956718,0.3273721602781474,1.037465429067625,0.015514630323500103,1.7509614487751142,0.32706237822213824
1.069005804234476,0.6825798870749484,-0.3072813495632205,0.25185892523996867,0.3162006963328034,0.004321084799291941,0.13217639333206682,0.6395055387892562,0.4016460127105363,-0.5127167307769841,0.955728714980579,0.29336758002540064,-0.20271675460413457,0.5657975823198264,0.7357094177080604,0.7034523824569909,0.4168019586427708,0.6307374634366936,0.4037571095368012,0.8918832133764419,0.1935213877476368,-0.13368418291920603,1.0204420404057382,-0.04410679874013104,0.6812665962818469,0.723838414578597,0.6018057219421517,0.115553975566159,0.1505103642573123,0.9046721292673687
0.3867879829014472,1.218447118390248,0.27035658248023564,-0.21767229468820137,0.5670894663317407,0.6968045254780693,0.18575635330247614,1.3552103088028908,-0.6050313413898999,1.1702724032541711,-0.17046706465140937,1.5250438615967035,-0.2735606957859824,0.678708342605726,0.7641295622790331,-0.08060499971766343,0.30572218627728015,0.9959596629820544,0.064807359605976,0.29260989742409665,0.7558416246866235,-0.5385901168696541,0.4783404812868081,1.5506422422365507,0.23152538624193258,0.7668130315172448,0.4163768567568721,0.37085956240819323,0.8121101013731753,1.306736383539509
0.12470318830480993,1.809468635298485,0.2994918308863213,0.1290334887875636,0.3041171353406409,0.04461208986479159,0.5349958440684871,0.8256131728416017,0.043065855982894946,2.046174581244095,0.07108686648704521,1.207460226390868,0.95746692355908,0.10192489044085577,0.421564626684159,-0.2751515076113169,-0.03293340433702033,-0.1712786362915113,0.04688986062525269,0.0021012359210801357,1.1303346964264962,0.6435797492268136,1.210555323817716,0.3265675073319207,0.8427703811044094,0.9350483285776047,0.44734773056101146,0.17678581278601901,0.8881152280670619,0.1270424021135007
1.7837886240735679,0.867967282308383,0.6933368636471465,0.6409278393783713,0.6475641778195159,0.6533596153963375,0.7751521575751454,0.02811196533639171,-0.00681570636542933,1.1234826601608987,0.7356055677589264,1.257631705747548,0.49408910012897644,-0.5796240757216866,1.4230490653930148,0.8321897500245602,0.685894479475672,0.6740015058831443,1.0968377016519626,2.493052589641958,0.5366684793080195,-0.3056610722979194,0.5632044040227371,0.3464145335633867,-0.007101332034664343,0.2991193564448609,0.9786006036564903,0.8968673452942516,1.1940909229576624,1.257298852229428
-0.8375819693233316,1.3441662767588065,0.9969364716113687,0.14089923796657128,-0.6683545215783764,0.26819160909708556,0.15159262786332917,-0.19994168712399352,0.2794834851458625,0.4963145646371141,1.8443359527918308,0.585367445371535,1.2206676770933786,-0.6665294615748677,0.6610330167308409,0.16659930234736042,-0.20899657641584637,0.5712392450108839,0.48583318532266917,0.6889639068111828,1.423462692281078,0.551608995406413,1.1261509487102408,0.30468561145010825,1.129520676567647,0.18049812931325757,0.6557247438149423,0.21725179760058033,1.136308451971497,1.417074569229035
0.12933670392748636,1.2885087232200994,0.5621580813778371,0.030168766928789167,-0.03534092774950992,0.5813205485428291,1.4230927199127494,0.872916818246466,0.35524217678202685,0.192838549282337,0.38966504928912726,0.5649728345886447,0.17282138857419121,0.13165048653878478,0.7334398460933214,0.16094911102149784,0.31164166780205493,0.3230081967242264,0.40955801161341077,0.8637097659334269,1.0998087830645888,0.49944860172994404,0.5764405718423957,0.23518693718961756,1.6964965167369797,0.685556105181967,1.1092072429763957,0.49981169537391135,1.2911089767122048,1.412012354064578
0.5361506768771804,1.4506334570725143,0.12717281870640862,-0.7377275982685195,0.2825809524439075,0.715195952640566,0.49022580595769366,1.2503485435161659,-0.6401029187906578,0.6609405217278921,0.3088644089516763,-0.12363330236665337,1.3423725651567446,-0.5572167846812616,0.6661495669559492,0.5765088604635321,0.5771649328916055,0.25717929514109583,0.9580463302873559,0.9806090044222453,1.6807572467669267,0.5778693679183317,0.8485492928409332,-0.3921038692238817,0.48152395360955125,-0.18273662093100568,1.5318226093268916,0.1477776071727418,0.8611586669688436,1.6426543329673358
-0.9258038756681677,1.5581334754856209,0.6974349553046498,0.23096409362097942,-0.20963909320667223,0.3050649856964435,1.0085869730877508,2.031900082387857,0.7937435689330683,1.5635036175538974,0.45677613929587696,0.39622261351666227,0.20615279484066562,-0.12143456977018334,-0.06357286820306207,-0.23962189534367703,-0.02537303837559357,0.7256984729928955,0.6842816993817179,1.0191167354596364,0.5081148312138496,0.08615570679052159,-0.06011743625450816,-0.2514131400419848,0.36964150524457645,0.46378014613182295,1.3031189046342933,0.6084393218401152,0.9585168221022203,0.8210718167898277
-0.009475418543582914,0.5381639307460337,-0.08910236684316852,0.509264626583967,0.11565250360524428,0.05426967229032287,0.34511136625862154,0.39973422396043923,0.3113795515659326,1.4574032611413075,0.3745813826462592,-0.4352334866577343,0.4974318080268114,0.043672913097203586,0.8430416608505953,-0.1918262661236282,0.36158679737043836,0.8402671641672393,0.6012921412109483,1.0378447454141997,0.29674317049264703,0.1307204797044397,1.604620470915806,0.3156434680651505,1.2628360199514077,0.8420455922744272,1.10499963178164,0.6022906815573972,-0.21403992394943028,0.983164858301922
0.15565339432051983,1.7342817058558455,1.1166047921733162,-0.30212292074130026,0.38578106819045005,0.7491870489976923,0.9719848255201562,0.30892532619359836,0.4647009241075221,0.7931046143412185,0.6800080351072252,0.31650458543764215,0.28892180483114405,0.7065170770657081,0.4126706880783898,-0.36914907989905993,0.22256252380742608,0.4068416059150937,0.16023727769044982,0.8692179512883181,-0.2500073279708557,-0.13664456778175227,1.9252802088367602,0.2650612435046217,0.4609187596134352,0.4340129243240616,1.1106611762793694,0.6328383007443615,0.5017786341007483,1.3536078767055777
-0.7792185138530312,0.34188150631806535,0.7161979615673376,0.1775447964765698,-0.2621637823663676,0.7761801550180895,0.4117680791274359,0.6566500962440711,0.7890027121054932,1.3359118608409828,0.024967431144201024,0.13081644536783743,0.3593705576715601,0.10282991368105307,0.5828710653758058,0.6366525929736883,0.41500216517639665,0.9733375748150508,-0.04761819683565727,1.3771556890252552,-0.921815723269543,0.7739427466476307,1.3399049653927075,-0.18187903175614129,1.4469888441738419,0.18697592597114224,0.8347494846054937,0.3015475598216152,2.14260464258676,1.5130252937718494
0.581115775507309,0.37935977636668866,0.6810715047906064,-0.3943354156592553,0.5971512295815207,0.6912370694764611,0.13291891412047951,0.8043691731238614,-0.15898972625962526,0.9223282907655744,0.0733366511109439,0.6472084050279164,0.9179366690064616,0.08509944885697726,0.6804565864440175,0.21338680820939687,0.5803926717066681,0.18635894018495347,0.6929085746044764,1.4210217679448267,0.7558626660323271,0.37173204193626364,1.1582374033772775,0.259217751154907,1.1554047105230758,-0.8020495070822252,-0.0048482565188116,0.6290063701520283,-0.22496180525441278,1.0084554621277269
0.042720460303530855,0.2948737791524081,0.752904612008735,0.11211734153148134,1.2317384472781672,0.2768006623455523,1.3796394459816312,0.9009090480149418,-0.07839757278162357,1.2029886992041585,0.759995779883242,0.6189508764361861,0.6480613974627163,-0.19258364104583767,0.41815831324773545,0.4857479033190927,0.10796269769525554,0.662021302572763,0.6736854220593622,0.8558658878561314,-0.26964506176449105,0.9684257698910455,0.856032640670572,-0.07004525054752539,0.9541602014061212,0.31743902712232086,1.1158885053696017,0.3891017373923402,0.859582151814865,1.441827051655216
0.6465227059439573,0.6618478621403336,-0.02046086092078525,0.8447552539012443,0.04637675958520937,0.31484865527961187,-0.25109843706182033,0.8474370187499449,0.3103808928346263,-0.00573651080471882,0.6731507635434383,0.3133707960047402,1.8270339840005962,-0.18556597617668583,0.5601343167331471,-0.3381640534069362,0.8447596469303974,0.47063004427576705,0.13707017893997664,1.0302967889324792,-0.27371098381252096,0.6169835326320019,1.6351053134520448,0.3125782611240491,1.0102884407576873,0.6214192794418159,1.5402226066618934,0.7173505426640218,0.6883712503313768,1.1691075023768063
-0.25437878166563277,1.0717951893588424,-0.0043933332070302256,-0.17350989718300336,-1.3890558178602905,0.7086920902382031,0.24671692568658277,1.1803621236438961,0.4124528843346553,1.25466005182101,-0.1304492405745557,1.0373633090204633,1.4968549873424803,0.4733881042890129,1.1116561180685554,0.17620861263270193,-0.07272224633001478,0.9858713848032649,-0.29285393245772984,0.41463954497567,-0.5018612096243544,-0.07137485010029043,1.006803148165603,0.27966556320841207,0.6623504469440168,0.2569107888386256,-0.31153918475063036,-0.08272979960778434,0.09096150534838876,0.3311526485377993
0.4703337021128195,0.18798278890644426,0.14835844589368102,-1.0344902430473535,-0.009401337486118266,-0.08454512198291614,0.5538452975977667,0.08945520819023645,0.24883087696466455,0.5539996283766568,1.208011764043729,0.7172003959766403,-0.5183673397616975,-0.5498719703821808,0.6755321716682685,-0.38226034895166805,-1.3127142896490185,1.222135214026138,0.7762684770289647,0.8243470046197989,0.043296131808957194,0.46745775849155285,0.26798448715294265,0.1268171249536826,0.11566357489738277,0.9134251599519323,-0.21413732504347516,0.7097853929528799,0.4097958722561421,0.3527344471982553
0.23426296389029247,0.9131959838407584,1.081791867600351,0.16456675731008719,-0.3236561662529683,0.4339020808879666,1.3629889625711578,1.1733080776458658,0.6281408658858525,0.9515312568790879,0.6785655565820712,0.9936129449483455,0.12656943959308037,-0.6045488578548435,0.6072712526310785,-0.3357160207743932,-0.37593069827370534,0.12372961707591579,1.6105399243706517,0.5665141634473555,0.48766502161489667,-0.3869814853789776,-0.37364996992112975,-0.3879668720624193,1.2282430697583164,0.30440631954257774,0.8040456349167511,0.4520639992139276,0.04938466912730888,1.2221453796608361
-0.18696210001760424,1.1723522416322463,0.5632275807031104,-0.8876579719235708,-0.2695218150511484,-0.5438086809278418,0.9719476398467684,0.41646935652714995,-0.9649840850495539,0.6632619289410934,0.013755692561426835,-0.38624614740647784,1.1436811703860554,0.11631470194139451,0.3450561129470882,-0.13697142165323373,-0.6264955602947011,-0.23683143398520734,0.9583175136669415,0.19102228835678922,0.27437167684690156,-0.8296703513759416,-0.18834647115269182,0.32341689911828336,0.6260008320826211,0.9945444711718963,1.1048477542941992,-0.04428090500736019,0.5327398799754892,0.2951712250936992
1.1342072291066094,0.9616739265472036,0.3670897975966358,0.10586137678049037,0.8086339862997655,0.5774687011526718,1.1013558822400757,-0.7429905871573892,0.35370840517938607,0.1345255116773561,1.1111458742898426,1.066651679921896,0.26782436970394535,0.819525953065814,1.2973180829553808,0.08897089648517671,1.3433488177264379,0.3271113708038306,0.1533548209786254,0.7860490745740372,0.04038462096555462,0.20149737945498164,1.093091311508661,0.024882550700439807,-0.48682068622565045,0.28090337468345417,0.009426369047371042,0.49127920104757156,0.5925414789976051,1.1098606092746088
0.5368403081956847,0.846272318180465,-0.11500771080518202,0.4063988706879366,1.0512815570790333,-0.12055869823644105,1.1503633063597787,0.0005475316684213638,-0.33023907695782845,0.4531989526032141,0.5391562970261029,0.6841313933389073,-0.2853294620770633,0.25749205154382604,-0.027163929192655034,-0.7041947134081047,-0.3808431599866759,-0.10882374991841315,0.4635122429300418,0.8507689071196097,-0.5675962004466861,0.29952148755156865,-0.2862596692671093,0.3264226146527305,-0.03081081045552303,-0.45002535719884124,0.6779637538745296,-0.2478464738413953,0.03215618999207531,-0.8189609492152465
0.53177478796344,0.6225179989591908,0.15732493006394171,-0.7606881220755931,0.6519039786285252,-0.17556011423681445,-0.05028390748854497,1.3498280864324932,-0.2843954808979413,0.5859492102200378,0.4086441978540966,0.35581949371311067,0.27870377620173276,0.21651778520671605,0.35821870681658663,0.0023955986839536217,0.8144581415158124,-0.46857744947282204,0.6534765334395306,0.6045825138796532,0.4682108823417503,0.6454847012103039,0.16642543927951037,-0.9261214503930166,0.16141434427947912,-0.4423335793159831,-0.17007514600541848,-0.5890888159191333,-0.1047810574556646,-0.09337199670386231
-1.1554572197032267,0.47092640018981907,1.198236266944969,0.3048860447258276,-0.07456048359013721,0.062397361259902265,-0.10999967272460762,0.15543460083589733,0.019907557455346375,-0.2981246893060554,0.9141384574520797,-0.6520052301092389,0.4376172328930212,-0.03446254828482151,1.077033691520091,0.18658638209055217,-0.14644420532282004,-0.016888391928379792,0.10127842697211446,-0.4612064006925618,-0.31563247893922264,-0.8429098192035113,-0.340296197367436,0.05171922384522335,0.26264038659830785,-0.959319928354326,0.042974957639596884,0.3000047350062821,-0.005176456778184249,-0.20013744918649756
-0.19826404405478007,-0.24204616390230793,-0.29770848402418815,0.08732629195989271,1.1601534700163447,-0.35079557334086964,-0.13550207664430694,4.699083264259052e-05,-0.3346683313945547,0.5778249386960802,-1.1683932995987834,-0.24405272451946866,0.4275565227382469,-0.14326262674053275,-0.3807231111185922,0.22416708341428998,0.46103056614103416,0.13040486354152103,-0.3815365597273197,0.25394488194644943,-0.1851226060248535,0.3842175293744299,0.770053330705309,-1.3016705855207926,0.08193138104672605,-0.8607500069637302,1.2470639562023826,-0.22977032319360127,0.39107690622430813,0.009725204749009658
-0.4193166132511371,-0.5254598036258614,0.7458672566862865,0.4770264149216776,0.9574449414088149,-0.020149757451586554,0.09036475520424185,-0.19248166364821598,-0.16402677437982086,-0.586221568369959,0.00323579886219464,-0.4434604068763085,0.1791147360876239,0.07639931815707528,0.07631323874846724,0.8289496763022078,-0.03672975828144869,0.3213168284518979,0.9823824491801421,0.5945425772564907,0.5404245425385841,-0.17977659653605796,0.050187288933090546,-0.6616799395696349,0.1894305201145768,0.12104653975649969,-0.0478157026966415,0.5038377682804144,-0.6445688606561011,0.7551626621151024
0.4076983677111977,-0.19186220689999062,-0.18848739593682107,0.2380154573180426,0.7255683149678209,-0.0655153059185953,-0.05819753180104438,-0.13400817899251613,0.8412406634148559,-0.34303932365126893,-0.10894655107619068,0.6130646110738106,-0.028147158195196198,0.5476210505091622,-0.6197035598464472,-0.1235777266197039,0.6987986853278811,-0.47676878997158134,-0.18102555276435178,-0.014433439894560973,-0.5824312850029784,-0.2711246627647753,-0.1007151198310567,0.01716539962778293,0.49433693932107126,0.7314095188644011,-0.5726219809151252,0.03192255741737965,0.23828569169100838,0.6068873621304968
0.2910917523903354,-0.10160457371837761,0.1531617996340286,0.33327007835875155,-0.5188692978258407,-0.08717670883417533,0.5240770260340184,-0.32946885719045116,-0.0138264038660105,-0.37155886289822787,-1.3055857191353546,-0.17696463947998453,-0.009533175895521856,-0.28924451541358737,-0.83624523008151,-0.4733374848876198,0.31357054616804525,0.767524123876467,0.5249111296440948,-0.8975036440142351,0.28866152624776653,-0.4329332277476803,-0.5389653569592346,-0.24073398534781523,0.12286875030165642,0.4175729133389243,-0.27719246306697093,-0.0779574231711472,0.07614399170684799,0.04523556066931059
0.49568481792327374,-0.9772446860879873,-0.23424655855253082,-0.5389138693571565,-0.10007732770045796,-0.36204924632756624,-0.3020737082132368,-0.7060831807009973,-0.8501721891204335,-1.3866706105576705,-0.26719381430987726,-0.469457798421006,-0.5555390660947231,0.6165233629126092,-0.7808694785748052,0.6636167602427604,0.7189922335953756,-1.2720979281911142,-0.17934893930719722,-0.5054363697289552,-1.6439387335403244,-0.8597718827457186,0.05136435179273463,0.9963820772976467,0.13919507716436674,0.07766036407176669,-0.3201143811223897,0.7905805483430721,0.8625725015741172,-0.6172243623834424
-1.115753709365477,-1.4687341420194828,0.3550195842546661,-0.02966832485541841,-0.0018187064658652802,-1.207134590100508,-0.7256477878016672,-0.5312517721814405,-0.029499689759208747,-0.6244385785762647,-0.7711593794289797,-0.7103493255233537,0.33166830790036395,0.06634459960309916,-0.1337158548869935,-0.5055465015330738,-1.5933003989190961,-0.6330851445360628,-0.7157598395704976,-0.20822419482576437,1.4073573794999785,0.1754337649563798,0.9470308667917426,0.26783068047886655,-0.7058842716957215,0.06855798553110101,0.502754475369767,0.8512189063228033,-0.5526184138786598,-0.2789515210354081
-0.8525461583518895,-0.08760984119737564,0.41221442477366355,0.01258588331530442,-0.44501260407788434,-0.19141241238292045,-0.20711978765945704,-0.4163294217923936,-0.06959278698402857,-0.5934066364513756,0.19716268080613186,-0.010818210154693642,-0.8161901126124593,-0.5720684824740063,-0.6511419154256803,0.30157165257739715,-0.06463245812706071,-0.7642059483107964,-0.2057705078257028,-0.6213760998001798,0.15967185598696848,-0.038563061168410656,-0.6591425064584239,0.09603735997651791,0.19177111621967585,-0.41038478618406965,-0.26040198905329737,-0.11095606649609016,-0.10215952325495689,-0.8104319274881326
